Name;Coordinates
Etterbeek;50.83272, 4.38835
Eisden;50.98463, 5.71433
Egem;51.01531, 3.25853
Diksmuide;51.03248, 2.86384
Deurne;51.03907, 5.09654
Deurle;51.00411, 3.61475
Bunsbeek;50.84172, 4.94522
Brunehault;50.50524, 4.43209
Brugelette;50.59577, 3.85363
Bon-Secours;50.49803, 3.60815
Bonneville;50.4728, 5.03869
Bavikhove;50.87532, 3.31062
Auvelais;50.4504, 4.63228
Aulnois;50.34009, 3.90409
Anseremme;50.23996, 4.89904
Anderlecht;50.83619, 4.31454
Sint-Joris;50.87117, 5.272
Zutendaal;50.93306, 5.5753
Wilderen;50.81548, 5.14229
Wieze;50.97691, 4.07876
Wielsbeke;50.9, 3.36667
Westmeerbeek;51.06127, 4.83835
Ways;50.61108, 4.46448
Walhorn;50.67496, 6.04608
Vroenhoven;50.82614, 5.63995
Strée;50.28078, 4.29394
Sterrebeek;50.86171, 4.49375
Sint-Pieters-Kapelle;50.70758, 3.98999
Sint-Niklaas;51.16509, 4.1437
Sint-Michiels;51.18806, 3.21142
Sint-Martens-Lierde;50.80371, 3.82541
Rulles;49.71805, 5.55959
Ruddervoorde;51.09589, 3.20743
Rongy;50.50724, 3.3895
Roeselare;50.94653, 3.12269
Proven;50.88976, 2.65721
Peer;51.1303, 5.45952
Opoeteren;51.06923, 5.65556
Oostvleteren;50.93319, 2.74119
Oelegem;51.2131, 4.59832
Neerwinden;50.76756, 5.04021
Mélin;50.74004, 4.82883
Meix-devant-Virton;49.60581, 5.48045
Louveigné;50.53015, 5.71547
Lodelinsart;50.43138, 4.44886
Kortessem;50.8589, 5.38974
Koksijde;51.11642, 2.63772
Kallo;51.2525, 4.27546
Jamioulx;50.35296, 4.41281
Hulshout;51.07451, 4.79081
Hingene;51.10345, 4.26904
Heusden;51.03664, 5.28013
Hermalle-sous-Argenteau;50.71231, 5.67753
Hennuyères;50.6386, 4.16935
Gaurain-Ramecroix;50.58923, 3.48798
Franière;50.43657, 4.73219
Everberg;50.87685, 4.56983
Estaimpuis;50.70485, 3.26785
Esneux;50.53596, 5.56775
Elen;51.06643, 5.75126
Edegem;51.15662, 4.44504
Courcelles;50.46379, 4.3747
Châtelet;50.40338, 4.52826
Cerexhe-Heuseux;50.65409, 5.72602
Buggenhout;51.0159, 4.20173
Bressoux;50.63988, 5.60629
Boussu;50.43417, 3.7944
Bierghes;50.69578, 4.1192
Berlare;51.03333, 4.0
Beigem;50.94911, 4.36908
Beaumont;50.23699, 4.23926
Aartrijke;51.11915, 3.09076
Zelzate;51.18963, 3.80777
Wolkrange;49.62882, 5.79877
Winksele;50.8986, 4.64607
Wavre;50.71717, 4.60138
Wachtebeke;51.16852, 3.87183
Vinalmont;50.56329, 5.23155
Thisnes;50.66578, 5.04375
Tellin;50.08038, 5.21638
Sprimont;50.50922, 5.6595
Sint-Genesius-Rode;50.74645, 4.35754
Sint-Amands;51.05645, 4.20957
Scherpenheuvel;50.98075, 4.97552
Schendelbeke;50.79872, 3.89882
Schelle;51.12615, 4.34114
Ressegem;50.89115, 3.91129
Remicourt;50.68069, 5.32785
Reet;51.10201, 4.41264
Ramsdonk;51.015, 4.33522
Ramillies;50.63395, 4.90119
Oostduinkerke;51.11565, 2.68217
Neu-Moresnet;50.71575, 6.02119
Musson;49.55835, 5.70525
Mouscron;50.74497, 3.20639
Meyerode;50.32818, 6.18776
Meulebeke;50.95136, 3.28804
Melsbroek;50.91559, 4.47985
Meerle;51.47235, 4.80316
Marquain;50.60679, 3.32087
Lovendegem;51.10168, 3.61298
Longchamps;50.0534, 5.69032
La Gleize;50.41074, 5.84699
Kachtem;50.93341, 3.19425
Jemappes;50.44914, 3.89096
Hévillers;50.62328, 4.61735
Heusy;50.57457, 5.86618
Herdersem;50.97193, 4.06667
Hekelgem;50.90569, 4.10769
Heinsch;49.69986, 5.7467
Hamipré;49.83734, 5.45686
Grand-Hallet;50.6953, 5.03587
Gelrode;50.96632, 4.80412
Fosse;50.34001, 5.84083
Forges;50.02569, 4.32765
Farciennes;50.43006, 4.54152
Erps-Kwerps;50.90119, 4.55984
Duffel;51.09554, 4.50903
Dottignies;50.73333, 3.3
Dion-le-Mont;50.69653, 4.66657
Denderleeuw;50.88506, 4.07601
Châtelineau;50.41499, 4.52016
Lasne-Chapelle-Saint-Lambert;50.69298, 4.50105
Borgloon;50.80505, 5.34366
Bois-d'Haine;50.5018, 4.21555
Baudour;50.48296, 3.8332
Baarle-Hertog;51.40504, 4.89226
Ayeneux;50.60797, 5.71589
Assebroek;51.19367, 3.2623
Arquennes;50.56765, 4.27341
Andenne;50.48941, 5.09513
Wezembeek-Oppem;50.8395, 4.49427
Wespelaar;50.96081, 4.63984
Vlissegem;51.25531, 3.05604
Vliermaal;50.84069, 5.42862
Terhagen;51.07966, 4.39907
Tamines;50.43378, 4.60713
Stokkem;51.02326, 5.74499
Spy;50.48143, 4.70944
Sint-Maria-Lierde;50.81867, 3.84436
Sint-Joris;51.12663, 3.36524
Sinaai;51.15789, 4.04087
Schoten;51.25251, 4.50268
Schorisse;50.80309, 3.67632
Schellebelle;51.01136, 3.92843
Saint-Gérard;50.34645, 4.74098
Le Roeulx;50.50365, 4.11163
Roesbrugge-Haringe;50.9181, 2.62538
Retie;51.26652, 5.08242
Reningelst;50.81514, 2.77066
Relegem;50.89908, 4.27694
Quevaucamps;50.51888, 3.68128
Pollare;50.81713, 4.006
Péronnes;50.55156, 3.45374
Ougrée;50.60149, 5.5444
Oisquercq;50.67015, 4.21984
Natoye;50.34294, 5.058
Namêche;50.47239, 4.99756
Mortsel;51.16697, 4.45127
Mere;50.92306, 3.97134
Mellet;50.50573, 4.47856
Mechelen;51.02574, 4.47762
Mariakerke;51.07476, 3.68289
Malderen;51.02077, 4.24639
Maillen;50.37782, 4.97097
Limbourg;50.61222, 5.9412
Libin;49.98107, 5.25612
Leers-Nord;50.68748, 3.27023
Leernes;50.39812, 4.33239
Landenne;50.51534, 5.06684
Jamoigne;49.69328, 5.40906
Ivoz-Ramet;50.58798, 5.4657
Huissignies;50.56579, 3.75561
Holsbeek;50.92097, 4.75747
Hoeleden;50.86662, 4.98538
Hechtel;51.12518, 5.36768
Ham-sur-Sambre;50.44368, 4.67425
Grand-Reng;50.33083, 4.0755
Genk;50.965, 5.50082
Forchies-la-Marche;50.4369, 4.32115
Estinnes-au-Mont;50.39692, 4.09653
Émines;50.51304, 4.84411
Eben-Emael;50.794, 5.66689
Carnières;50.44428, 4.25509
Brugge;51.20892, 3.22424
Broechem;51.18133, 4.60181
Biercée;50.3242, 4.25943
Berloz;50.69829, 5.21236
Berchem-Sainte-Agathe;50.86567, 4.29557
Bellem;51.09403, 3.49277
Basècles;50.52549, 3.64944
Adegem;51.20509, 3.4954
Zwijnaarde;51.00077, 3.70746
Zwevezele;51.03683, 3.21186
Zonnebeke;50.8726, 2.98725
Wijtschate;50.78632, 2.88369
Wierde;50.42607, 4.95097
Waret-l'Évêque;50.55672, 5.06755
Vosselare;51.02888, 3.55664
Velzeke-Ruddershove;50.88288, 3.78292
Vaux-sous-Chèvremont;50.60302, 5.6335
Uccle;50.80225, 4.33943
Turnhout;51.32254, 4.94471
Sivry;50.1664, 4.18416
Sint-Maria-Horebeke;50.83885, 3.68754
Sint-Baafs-Vijve;50.9, 3.38333
Seraing;50.58362, 5.50115
Schoonaarde;51.00387, 4.0152
Schelderode;50.96922, 3.7133
Saint-Ghislain;50.44816, 3.81886
Rumst;51.08153, 4.42217
Riemst;50.80995, 5.60131
Oosteeklo;51.19302, 3.68928
Noiseux;50.29976, 5.37506
Neuville-en-Condroz;50.55293, 5.45076
Neufchâteau;49.84074, 5.43535
Neerharen;50.90964, 5.68027
Munkzwalm;50.87676, 3.73503
Mortier;50.68428, 5.74327
Moresnet;50.72146, 5.98987
Momalle;50.68585, 5.37592
Molenbeek-Wersbeek;50.91947, 4.9476
Moere;51.12263, 2.95582
Marchin;50.46707, 5.2428
Leke;51.10022, 2.89098
Latour;49.55736, 5.57065
Landegem;51.05518, 3.57667
Koekelare;51.09047, 2.9783
Kalmthout;51.38442, 4.47556
Jumet;50.4422, 4.43745
Jemelle;50.16315, 5.26709
Irchonwelz;50.62066, 3.7508
Héron;50.54731, 5.09774
Heldergem;50.87799, 3.95789
Gullegem;50.84301, 3.20466
Ertvelde;51.17921, 3.74722
Enghien;50.69375, 4.03788
Élouges;50.40245, 3.75175
Drogenbos;50.78733, 4.31471
Butgenbach;50.42689, 6.20504
Brussegem;50.9256, 4.26682
Bouffioulx;50.39116, 4.5155
Borsbeke;50.90633, 3.88996
Bonlez;50.70211, 4.68859
Blauwput;50.88587, 4.72415
Bevere;50.8496, 3.5873
Bevel;51.13783, 4.68026
Berg;50.93063, 4.54336
Berbroek;50.95031, 5.20904
Bekkevoort;50.94074, 4.969
Basse Lasne;50.69503, 4.49218
Aye;50.22471, 5.30064
Yvoir;50.3279, 4.88059
Wilrijk;51.16734, 4.39513
Waterloo;50.71469, 4.3991
Warchin;50.60925, 3.424
Wanze;50.53907, 5.20846
Vosselaar;51.30856, 4.8896
Virginal-Samme;50.64037, 4.20579
Vichte;50.83868, 3.40129
Vaux-sur-Sûre;49.911, 5.57848
Tourinnes-Saint-Lambert;50.64021, 4.72361
Stabroek;51.33189, 4.37127
Sougné-Remouchamps;50.48242, 5.70757
Somme-Leuze;50.33699, 5.36705
Sint-Truiden;50.81679, 5.18647
Sint-Martens-Leerne;51.01605, 3.5813
Sint-Lievens-Houtem;50.9197, 3.86225
Sint-Laureins;51.24202, 3.52441
Sint-Agatha-Rode;50.78597, 4.63099
Serinchamps;50.23134, 5.23018
Seloignes;50.01515, 4.25517
Seilles;50.50065, 5.09268
Saint-Mard;49.55403, 5.53427
Saint-Léger;49.61196, 5.65688
Sainte-Marie-sur-Semois;49.67124, 5.5638
Rhisnes;50.50682, 4.80592
Reppel;51.15405, 5.5624
Piétrebais;50.72776, 4.76455
Perwez;50.62426, 4.81354
Oupeye;50.71184, 5.6468
Nossegem;50.88181, 4.50817
Nobressart;49.73895, 5.72012
Morialmé;50.27557, 4.56576
Montignies-sur-Sambre;50.41081, 4.49109
Molenbeek-Saint-Jean;50.8499, 4.31248
Modave;50.44614, 5.29532
Middelkerke;51.18532, 2.82077
Meslin-l'Évêque;50.64859, 3.84736
Meerbeke;50.82444, 4.03674
Mazenzele;50.94247, 4.17224
Mariembourg;50.09489, 4.52161
Marenne;50.24129, 5.41498
Lippelo;51.04258, 4.259
Leeuwergem;50.888, 3.831
Kessenich;51.15086, 5.8233
Hoevenen;51.30604, 4.40203
Herzele;50.88681, 3.89014
Herderen;50.80734, 5.5735
Henri-Chapelle;50.67688, 5.93009
Haulchin;50.38406, 4.08297
Hansbeke;51.07442, 3.53571
Haltinne;50.45119, 5.07731
Grotenberge;50.87332, 3.82278
Geer;50.6699, 5.17364
Ganshoren;50.87065, 4.31531
Fraire;50.26127, 4.5076
Fosses-la-Ville;50.39517, 4.69623
Fontaine-Valmont;50.31994, 4.21467
Flémalle-Haute;50.59994, 5.44471
Esen;51.0294, 2.90189
Engis;50.58156, 5.39916
Elsenborn;50.45798, 6.21918
Ellikom;51.12766, 5.52389
Écaussinnes-Lalaing;50.56865, 4.18398
Durnal;50.33653, 4.98616
De Pinte;50.99339, 3.64747
Couthuin;50.5316, 5.12323
Buvrinnes;50.38873, 4.2054
Bever;50.91667, 4.31667
Betekom;50.98683, 4.78185
Beerse;51.31927, 4.85304
Baasrode;51.03805, 4.1546
Arlon;49.68333, 5.81667
Angleur;50.6113, 5.59942
Aarschot;50.98715, 4.83695
Zevergem;50.97931, 3.69319
Zedelgem;51.14236, 3.1368
Wijchmaal;51.13515, 5.41334
Vissenaken;50.83846, 4.90489
Villers-l'Évêque;50.70454, 5.4396
Villers-la-Ville;50.57953, 4.53398
Tremelo;50.99231, 4.70807
Tintigny;49.68326, 5.51349
Sint-Stevens-Woluwe;50.86838, 4.45195
Sint-Martens-Latem;51.01459, 3.63779
Sint-Martens-Bodegem;50.86185, 4.21317
Sint-Lenaarts;51.34868, 4.68009
Sint-Katherina-Lombeek;50.87314, 4.1536
Saive;50.65316, 5.68517
Rumes;50.5545, 3.30535
Pottes;50.73294, 3.40703
Pondrôme;50.09922, 5.00959
Perk;50.93571, 4.49615
Oostnieuwkerke;50.93959, 3.05742
Oleye;50.71396, 5.28133
Brakel;50.80101, 3.76264
Maaseik;51.09802, 5.78379
Kuurne;50.85143, 3.2824
Koolkerke;51.23931, 3.24745
Kerkhove;50.79851, 3.50267
Hofstade;50.9613, 4.02663
Hever;50.99545, 4.55126
Haneffe;50.63835, 5.32013
Gistel;51.15612, 2.96387
Gembloux;50.56149, 4.69889
Froidchapelle;50.15106, 4.32742
Sint-Pieters-Voeren;50.73863, 5.82224
Florenville;49.69983, 5.3074
Etikhove;50.81162, 3.62489
Ensival;50.58053, 5.84927
Elene;50.89004, 3.81001
Damme;51.25147, 3.28144
Cortil-Noirmont;50.58111, 4.64344
Corroy-le-Grand;50.66306, 4.674
Comblain-au-Pont;50.47488, 5.57711
Chaudfontaine;50.5828, 5.6341
Bovigny;50.22417, 5.91694
Bossut-Gottechain;50.75823, 4.69511
Boom;51.09242, 4.3717
Blaton;50.50038, 3.66008
Bilstain;50.62208, 5.92086
Bassevelde;51.23103, 3.67798
Barvaux;50.34832, 5.49058
Balen;51.16837, 5.17027
Antoing;50.56765, 3.4492
Acoz;50.35904, 4.53263
Zwijndrecht;51.21979, 4.32664
Zoerle-Parwijs;51.08969, 4.87108
Zichen-Zussen-Bolder;50.79422, 5.62483
Zandbergen;50.80279, 3.96636
Woumen;51.00145, 2.86965
Wolvertem;50.95172, 4.30964
Willemeau;50.57435, 3.35031
Wemmel;50.90812, 4.30613
Warsage;50.73517, 5.7688
Waasmunster;51.10572, 4.08573
Waardamme;51.11136, 3.22288
Tubize;50.69059, 4.2009
Thy-le-Château;50.28205, 4.42955
Thommen;50.21917, 6.07417
Tertre;50.4692, 3.81243
Teralfene;50.89195, 4.09895
Temploux;50.48558, 4.75468
Steenhuffel;50.99539, 4.26788
Solre-sur-Sambre;50.30809, 4.15429
Schaerbeek;50.86935, 4.37737
Saintes;50.70499, 4.16006
Rotselaar;50.95302, 4.71665
Rosières;50.73097, 4.54473
Roksem;51.16885, 3.0329
Pulderbos;51.2171, 4.69357
Poulseur;50.50907, 5.57864
Pironchamps;50.43181, 4.52019
Othée;50.71592, 5.46724
Oreye;50.73187, 5.35818
Oppuurs;51.06629, 4.24222
Oplinter;50.83023, 4.99002
Onkerzele;50.78212, 3.91145
Oetingen;50.77318, 4.0635
Niel-bij-As;51.01851, 5.60526
Mussy-la-Ville;49.57009, 5.66191
Micheroux;50.62475, 5.71847
Meux;50.55222, 4.80103
Marchienne-au-Pont;50.40573, 4.3953
Liège;50.63373, 5.56749
Le Roux;50.38877, 4.62404
Kortenaken;50.90862, 5.05968
Kester;50.76398, 4.12058
Kersbeek-Miskom;50.88544, 4.99578
Hotton;50.26742, 5.44609
Herbeumont;49.78086, 5.2358
Hellebecq;50.66426, 3.88839
Haine-Saint-Pierre;50.45747, 4.20659
Godarville;50.49496, 4.28698
Galmaarden;50.75389, 3.97121
Fontaine-l'Évêque;50.40907, 4.32427
Dilsen;51.03718, 5.72096
Deinze;50.98175, 3.53096
Buzet;50.54038, 4.36998
Buizingen;50.74227, 4.25278
Bévercé;50.44101, 6.03535
Bever;50.71635, 3.94117
Berchem;51.19021, 4.43264
Bazel;51.14741, 4.30129
Baisy-Thy;50.59708, 4.47598
As;51.00755, 5.58453
Anseroeul;50.72739, 3.5237
Achel;51.253, 5.47977
Westkerke;51.16448, 3.01084
Wépion;50.42153, 4.86403
Wanfercée-Baulet;50.47291, 4.58748
Walhain-Saint-Paul;50.62627, 4.69837
Vreren;50.75168, 5.49588
Vrasene;51.22098, 4.19094
Vielsalm;50.28407, 5.91502
Tilleur;50.61805, 5.54277
Testelt;51.01084, 4.95312
Strépy-Bracquegnies;50.4728, 4.12022
Snaaskerke;51.17737, 2.93901
Seneffe;50.53135, 4.26301
Schulen;50.95972, 5.1901
Schaffen;50.99993, 5.08667
Saint-Sauveur;50.70604, 3.59782
Rocherath;50.43706, 6.30049
Raeren;50.6672, 6.11535
Paal;51.03988, 5.17233
Overmere;51.04691, 3.9466
Ouffet;50.4387, 5.4657
Opdorp;51.02806, 4.21801
Oosterzele;50.95261, 3.79826
Obaix;50.52996, 4.36089
Nederboelare;50.77596, 3.87148
Mont-Sainte-Aldegonde;50.43006, 4.23263
Molenstede;51.00401, 5.01298
Mol;51.19188, 5.11662
Melle;51.00232, 3.80526
Manderfeld;50.3312, 6.33919
Lint;51.12707, 4.49669
Letterhoutem;50.92768, 3.8797
Lens-sur-Geer;50.72162, 5.35086
Langdorp;50.99561, 4.87175
Kerkom;50.85568, 4.87422
Izel;49.69371, 5.37382
Huise;50.90059, 3.59096
Hollain;50.54165, 3.42605
Herselt;51.05159, 4.88231
Havinnes;50.61658, 3.46341
Hamois;50.3402, 5.15619
Hamoir;50.42675, 5.53304
Grâce-Berleur;50.64032, 5.50329
Ghlin;50.47313, 3.90289
Gent;51.05, 3.71667
Frasnes-lez-Gosselies;50.53838, 4.45232
Evregnies;50.7126, 3.28654
Corroy-le-Château;50.53896, 4.66284
Chiny;49.73833, 5.34104
Burdinne;50.58454, 5.07663
Brasschaat;51.2912, 4.49182
Bost;50.78879, 4.94076
Booischot;51.05219, 4.7751
Beyne-Heusay;50.62251, 5.66508
Berchem;50.79017, 3.51317
Beersel;50.76589, 4.3002
Attenhoven;50.76591, 5.09296
Arendonk;51.32267, 5.08289
Aiseau;50.41158, 4.58671
Agimont;50.1659, 4.79579
Zeveneken;51.10781, 3.89048
Wuustwezel;51.39214, 4.59546
Wommersom;50.81266, 5.01771
Wevelgem;50.8, 3.16667
Westkapelle;51.31511, 3.3017
Warneton;50.75158, 2.94635
Warcoing;50.70447, 3.3462
Waimes;50.41488, 6.11207
Vlijtingen;50.83202, 5.58432
Vlamertinge;50.85485, 2.82024
Viersel;51.18769, 4.64918
Velm;50.7787, 5.13096
Velaine;50.47805, 4.61031
Stambruges;50.50939, 3.71621
Soy;50.286, 5.51153
Soignies;50.57904, 4.07129
Scheldewindeke;50.93436, 3.78663
Roosbeek;50.83608, 4.86282
Ronse;50.74574, 3.6005
Quévy-le-Petit;50.36879, 3.93602
Petegem-aan-de-Leie;50.96667, 3.53333
Opbrakel;50.79201, 3.74862
Nivelles;50.59833, 4.32848
Niel;51.11096, 4.33428
Nethen;50.7832, 4.67503
Neerlinter;50.83971, 5.02287
Nederokkerzeel;50.91943, 4.56388
Munsterbilzen;50.88939, 5.52647
Mourcourt;50.65322, 3.44468
Montenaken;50.72092, 5.12941
Merksplas;51.35851, 4.86513
Meldert;50.93449, 4.13504
Malmédy;50.42686, 6.02794
Longlier;49.85384, 5.45009
Lombardsijde;51.15, 2.75
Lissewege;51.29427, 3.19331
Limelette;50.68428, 4.57186
Lierneux;50.28477, 5.79236
Knokke;51.35113, 3.28744
Isières;50.66317, 3.81929
Humbeek;50.96799, 4.3796
Houdeng-Aimeries;50.48132, 4.14545
Horion-Hozémont;50.62578, 5.38819
Hombeek;51.01753, 4.43891
Hollogne-aux-Pierres;50.64059, 5.47179
Herseaux;50.71667, 3.21667
Grivegnée;50.62148, 5.61101
Glons;50.75307, 5.54578
Genly;50.38953, 3.91242
Zele;51.06566, 4.0403
Wingene;51.05782, 3.27359
Westmalle;51.29767, 4.69013
Vossem;50.8363, 4.56036
Vlierzele;50.93171, 3.8959
Verlaine;50.60743, 5.3174
Tollembeek;50.74096, 4.00666
Spa;50.48375, 5.86674
Sint-Kwintens-Lennik;50.80377, 4.15489
Sint-Kruis;51.21399, 3.24949
Sauvenière;50.58157, 4.72466
Sainte-Ode;50.01723, 5.51926
Richelle;50.71396, 5.69564
Retinne;50.63084, 5.69821
Ressaix;50.42285, 4.19442
Profondeville;50.37581, 4.86506
Philippeville;50.19612, 4.54374
Opvelp;50.81017, 4.79347
Ophoven;51.12571, 5.80155
Ollignies;50.68794, 3.86229
Oevel;51.13789, 4.90471
Nimy;50.47668, 3.95516
Moustier-sur-Sambre;50.46668, 4.69614
Morlanwelz-Mariemont;50.45502, 4.24519
Mollem;50.93118, 4.22627
Meise;50.93934, 4.32655
Maubray;50.55085, 3.50395
Manage;50.50312, 4.23589
Malonne;50.43969, 4.79562
Mainvault;50.64908, 3.71751
Leval-Trahegnies;50.4213, 4.22556
Lessines;50.71104, 3.83579
Ledegem;50.85785, 3.12409
Lede;50.96626, 3.98594
Kwaadmechelen;51.10099, 5.14478
Keiem;51.08144, 2.88217
Kapelle-op-den-Bos;51.0097, 4.36303
Jauche;50.68136, 4.95563
Houthem;50.7869, 2.96382
Hoogstraten;51.40029, 4.76034
Heist;51.33867, 3.23882
Havelange;50.38931, 5.23816
Hasselt;50.93106, 5.33781
Harzé;50.44133, 5.66706
Hanzinelle;50.29615, 4.55633
Habay-la-Neuve;49.7282, 5.6474
Grammene;50.97779, 3.46706
Gouy-lez-Piéton;50.4907, 4.3289
Flénu;50.43673, 3.88573
Flawinne;50.45794, 4.81047
Érezée;50.29292, 5.55815
Dour;50.39583, 3.77792
Diest;50.98923, 5.05062
Deftinge;50.78656, 3.83978
Corswarem;50.71097, 5.2137
Colfontaine;50.4141, 3.85569
Casteau;50.51233, 4.01121
Burcht;51.20393, 4.34286
Bredene;51.23489, 2.97559
Bonnert;49.71131, 5.81865
Boechout;51.15959, 4.49195
Bocholt;51.17337, 5.57994
Binkom;50.87163, 4.88414
Begijnendijk;51.01942, 4.78377
Beernem;51.13981, 3.33896
Assenois;49.80244, 5.46371
Assenede;51.22598, 3.75085
Evergem;51.11306, 3.70976
Everbeek;50.7626, 3.80852
Couture-Saint-Germain;50.67484, 4.47255
Couillet;50.39139, 4.45908
Ciney;50.29449, 5.10015
Chaumont-Gistoux;50.67753, 4.7212
Chapelle-lez-Herlaimont;50.4713, 4.28227
Bottelare;50.96411, 3.75487
Blankenberge;51.31306, 3.13227
Bissegem;50.82378, 3.22844
Bellegem;50.77686, 3.27933
Balegem;50.9257, 3.79076
Asse;50.91011, 4.19836
Antheit;50.54927, 5.24022
Zulte;50.91954, 3.44859
Zétrud-Lumay;50.75715, 4.88711
Wijnegem;51.22787, 4.51895
Wihogne;50.72918, 5.50484
Walem;51.06705, 4.45842
Vladslo;51.04644, 2.91601
Varsenare;51.18981, 3.13916
Vance;49.67163, 5.66571
Ursel;51.12895, 3.48655
Tourinnes-la-Grosse;50.78299, 4.74438
Tilff;50.56432, 5.57642
Stevoort;50.91862, 5.25327
Steenokkerzeel;50.91851, 4.50989
Sint-Denijs;50.75198, 3.36627
Schriek;51.02844, 4.69357
Saint-Georges-sur-Meuse;50.60007, 5.3574
Rummen;50.88912, 5.16521
Rotem;51.05289, 5.74096
Roselies;50.43028, 4.57203
Rekkem;50.7837, 3.16346
Rance;50.14248, 4.27917
Presles;50.38417, 4.57838
Poperinge;50.85386, 2.72659
Pipaix;50.58297, 3.57956
Obourg;50.47384, 4.00881
Nevele;51.03531, 3.54574
Montzen;50.70793, 5.96223
Maasmechelen;50.96545, 5.69452
Lot;50.7679, 4.27711
Loonbeek;50.80941, 4.60971
Lillois-Witterzée;50.64549, 4.36681
Lembeke;51.19487, 3.63333
La Hestre;50.47556, 4.24739
Jodoigne;50.72357, 4.86914
Hergenrath;50.70912, 6.03089
Genval;50.72162, 4.49375
Gentbrugge;51.03692, 3.76509
Zottegem;50.86955, 3.81052
Zillebeke;50.83464, 2.92249
Zaffelare;51.13385, 3.86357
Wellin;50.08133, 5.11413
Voorde;50.82306, 3.94928
Vieux-Genappe;50.60846, 4.44097
Uitbergen;51.02152, 3.95505
Tournai;50.60715, 3.38932
Theux;50.53323, 5.81245
Spiere;50.7189, 3.35626
Snellegem;51.16776, 3.11921
Sirault;50.50546, 3.78908
Sint-Maria-Oudenhove;50.83364, 3.79556
Sint-Gillis-Waas;51.21914, 4.12374
Semmerzake;50.94369, 3.66318
Roisin;50.33237, 3.69553
Rijmenam;51.0016, 4.58405
Plombières;50.73656, 5.95922
Plancenoit;50.66228, 4.42835
Otegem;50.80693, 3.42043
Orgeo;49.8339, 5.30646
Onze-Lieve-Vrouw-Waver;51.06265, 4.57941
Olmen;51.14228, 5.14999
Nieuwenrode;50.97961, 4.35282
Muizen;51.01111, 4.51427
Moerzeke;51.06914, 4.16137
Michelbeke;50.8355, 3.76249
Merksem;51.24623, 4.44903
Maria Aalter;51.09455, 3.36917
Lokeren;51.10364, 3.99339
Lincent;50.71222, 5.03654
Leut;50.99107, 5.73624
Lemberge;50.97629, 3.77054
Lebbeke;51.00464, 4.13457
La Roche-en-Ardenne;50.18361, 5.57547
Laplaigne;50.52194, 3.4473
Laneffe;50.27936, 4.49344
Laarne;51.03078, 3.85077
Koersel;51.05909, 5.27121
Kinrooi;51.14543, 5.74207
Kasterlee;51.24118, 4.96651
Helchteren;51.05591, 5.38244
Hauset;50.7107, 6.06969
Hamont;51.25332, 5.54732
Grez-Doiceau;50.73901, 4.69829
Gits;50.99687, 3.09564
Gellik;50.88473, 5.61007
Fléron;50.61516, 5.68062
Fauvillers;49.85116, 5.66405
Ettelgem;51.17984, 3.02919
Essen;51.46791, 4.46901
Erondegem;50.94118, 3.95611
Eksaarde;51.14876, 3.96814
Éghezée;50.59076, 4.91175
Dolembreux;50.53763, 5.62556
Dison;50.61004, 5.8534
Dadizele;50.85138, 3.09468
Chasse Royale;50.42842, 3.95001
Boezinge;50.89672, 2.85421
Bellevaux-Ligneuville;50.38948, 6.01093
Bambrugge;50.92115, 3.92993
Assesse;50.36934, 5.02204
Alveringem;51.01238, 2.71117
Adinkerke;51.07409, 2.59914
Frameries;50.40578, 3.89603
Fexhe-le-Haut-Clocher;50.6654, 5.39978
Erquelinnes;50.30688, 4.11129
Doische;50.13356, 4.73545
Denderwindeke;50.79731, 4.02512
Cuesmes;50.43624, 3.92323
Bullange;50.40731, 6.25749
Bree;51.14152, 5.5969
Bouge;50.47193, 4.89218
Biez;50.72369, 4.71356
Bièvre;49.94085, 5.01591
Bierges;50.71143, 4.58658
Beuzet;50.53364, 4.7452
Beaufays;50.55884, 5.63881
Avelgem;50.77618, 3.44502
Autre-Église;50.66921, 4.90381
Asper;50.9137, 3.65126
Ardooie;50.9757, 3.19736
Aalter;51.09017, 3.44693
Aalbeke;50.77848, 3.22952
Zomergem;51.11994, 3.56496
Zerkegem;51.16645, 3.06994
Wihéries;50.38543, 3.75372
Wiekevorst;51.10796, 4.7924
Werchter;50.97308, 4.7012
Waregem;50.88898, 3.42756
Wambeek;50.85281, 4.16169
Houtain-l'Évêque;50.71667, 5.08333
Vorselaar;51.20243, 4.77259
Tiegem;50.80901, 3.47479
Stene;51.20437, 2.91259
Soye;50.44958, 4.7303
Somzée;50.29514, 4.48209
Sleidinge;51.13363, 3.67405
Sint-Huibrechts-Lille;51.22266, 5.49437
Schuiferskapelle;51.03244, 3.33799
Rumbeke;50.93248, 3.16716
Roux;50.44111, 4.3917
Ronquières;50.60853, 4.22081
Recogne;49.91232, 5.3537
Quenast;50.66959, 4.15661
Putte;51.05337, 4.63263
Piéton;50.43972, 4.29752
Pellenberg;50.87245, 4.79394
Ottenburg;50.75161, 4.6164
Oostrozebeke;50.92093, 3.33799
Oordegem;50.95727, 3.90201
Olne;50.58994, 5.74662
Ninove;50.82776, 4.02657
Nieuwpoort;51.13008, 2.75135
Nieuwerkerken;50.92386, 4.00433
Nederhasselt;50.84646, 3.97497
Montigny-le-Tilleul;50.38056, 4.37582
Mons-lez-Liège;50.62306, 5.45626
Moignelée;50.44581, 4.5837
Moerbeke;51.17409, 3.93001
Messancy;49.59201, 5.81879
Meerbeek;50.88213, 4.58972
Mechelen-aan-de-Maas;50.96589, 5.69144
Mater;50.84321, 3.66258
Martelange;49.83195, 5.73655
Londerzeel;51.00468, 4.30304
Linkhout;50.96778, 5.1374
Leuze;50.54635, 4.9063
Leignon;50.26861, 5.11045
La Louvière;50.48657, 4.18785
Koolskamp;51.00233, 3.2104
Klemskerke;51.24222, 3.02401
Kanegem;51.0129, 3.40188
Huldenberg;50.78939, 4.5831
Hoves;50.67117, 4.03651
Hove;51.15446, 4.4707
Hooglede;50.98333, 3.08333
Heffen;51.04722, 4.41599
Havré;50.46401, 4.04675
Haine-Saint-Paul;50.46185, 4.1767
Eynatten;50.69243, 6.08351
Estinnes-au-Val;50.41016, 4.10477
Embourg;50.59043, 5.6068
Desselgem;50.88611, 3.35958
Dessel;51.23855, 5.11448
Clermont-sous-Huy;50.56961, 5.39231
Brussels;50.85045, 4.34878
Bonheiden;51.02261, 4.54714
Bierset;50.65496, 5.45102
Beverlo;51.08646, 5.21855
Beveren;50.97256, 3.14389
Bertrix;49.85596, 5.25539
Bertogne;50.08364, 5.66689
Ben-Ahin;50.50415, 5.18683
Beervelde;51.08302, 3.88635
Bachte-Maria-Leerne;51.01132, 3.58145
Autelbas;49.64813, 5.86799
Arville;50.03203, 5.31665
Arsimont;50.42859, 4.63872
Appels;51.03225, 4.06141
Anderlues;50.40704, 4.27136
Zwevegem;50.81268, 3.33848
Yves-Gomezée;50.23926, 4.49344
Woluwe-Saint-Lambert;50.84389, 4.42912
Wodecq;50.71805, 3.74649
Wezemaal;50.94848, 4.75536
Westende;51.15961, 2.7687
Waudrez;50.4135, 4.15051
Watou;50.85864, 2.62074
Waarschoot;51.1525, 3.605
Villers-le-Bouillet;50.57708, 5.25945
Trivières;50.44827, 4.14511
Tinlot;50.47493, 5.37755
Tielen;51.24295, 4.89956
Stembert;50.59107, 5.89404
Schepdaal;50.83836, 4.19609
Rupelmonde;51.12931, 4.29434
Rixensart;50.71229, 4.52529
Puurs;51.07409, 4.28844
Pont-à-Celles;50.50518, 4.36887
Petit-Rechain;50.61489, 5.83417
Oudenburg;51.18489, 3.00035
Opprebais;50.67998, 4.79785
Nijlen;51.16096, 4.67008
Naninne;50.41888, 4.92634
Moortsele;50.95862, 3.77753
Moerkerke;51.24547, 3.34251
Milmort;50.69037, 5.59323
Machelen;50.91061, 4.44174
Louvain-la-Neuve;50.66829, 4.61443
Linden;50.89494, 4.77027
Lichtaart;51.22495, 4.91681
Liberchies;50.51421, 4.42123
Lens-Saint-Remy;50.65077, 5.1319
Ledeberg;51.03859, 3.74458
Lanklaar;51.01937, 5.72508
Langemark;50.9131, 2.91965
Kumtich;50.82101, 4.88723
Kruibeke;51.17048, 4.31444
Koninksem;50.76535, 5.43892
Kanne;50.81331, 5.66946
Izegem;50.91396, 3.21378
Ixelles;50.83333, 4.36667
Heusden;51.02815, 3.80425
Herve;50.64083, 5.79353
Hensies;50.43263, 3.68411
Han-sur-Lesse;50.12674, 5.18623
Handzame;51.0254, 3.0032
Ham-sur-Heure;50.323, 4.38844
Halle-Booienhoven;50.80534, 5.11173
Grand-Halleux;50.32583, 5.90722
Goetsenhoven;50.76882, 4.95157
Gemmenich;50.74608, 5.99507
Fraipont;50.56519, 5.72225
's-Gravenvoeren;50.75872, 5.76113
Floriffoux;50.45242, 4.77004
Faimes;50.66252, 5.26005
Escanaffles;50.75743, 3.45294
Erembodegem;50.91905, 4.05041
Ellignies-Sainte-Anne;50.56176, 3.6727
Elewijt;50.96043, 4.49684
Donk;50.93882, 5.13719
Destelbergen;51.05952, 3.79899
Denderbelle;51.00139, 4.09069
Brustem;50.80485, 5.22263
Braine-l'Alleud;50.68363, 4.36784
Bovekerke;51.05429, 2.96324
Bousval;50.61663, 4.508
Bléharies;50.51256, 3.41251
Bertem;50.86403, 4.62918
Bavegem;50.94435, 3.86497
Baal;50.9955, 4.75317
Attenrode;50.87782, 4.92438
Athus;49.56475, 5.83736
Argenteau;50.70211, 5.68448
Aalst;50.93604, 4.0355
Zingem;50.90409, 3.65305
Willebroek;51.06041, 4.36019
Wervik;50.78069, 3.03854
Wasmes;50.41464, 3.8471
Waret-la-Chaussée;50.54294, 4.92445
Wandre;50.66774, 5.65959
Walsbets;50.73762, 5.08409
Verrebroek;51.25537, 4.18882
Vedrin;50.50273, 4.87604
Uitkerke;51.30684, 3.13712
Tildonk;50.94383, 4.64481
Thuin;50.33933, 4.28604
Sint-Lambrechts-Herk;50.89914, 5.30786
Sclayn;50.48979, 5.02831
Schaltin;50.35952, 5.12535
Rijkevorsel;51.34795, 4.76053
Rebecq-Rognon;50.65147, 4.10683
Orcq;50.60322, 3.34924
Orbais;50.63798, 4.76352
Nieuwerkerken;50.8638, 5.19467
Mornimont;50.45903, 4.70447
Mettet;50.32119, 4.66232
Merbes-le-Château;50.32449, 4.16489
Meensel-Kiezegem;50.89621, 4.92496
Mariekerke;51.06503, 4.19249
Lummen;50.98772, 5.19121
Lotenhulle;51.0502, 3.46162
Lontzen;50.68126, 6.00712
Lier;51.13128, 4.57041
Libramont;49.91741, 5.37318
Lendelede;50.88626, 3.23747
Leffinge;51.17576, 2.87576
Kortemark;51.02951, 3.04112
Klerken;50.99643, 2.90771
Kerksken;50.89068, 3.99478
Jupille-sur-Meuse;50.64587, 5.63307
Iddergem;50.87634, 4.04434
Huizingen;50.7465, 4.27377
Hoeselt;50.84714, 5.48767
Hillegem;50.89567, 3.8531
Haasdonk;51.18151, 4.24137
Grote-Brogel;51.15281, 5.5059
Grimbergen;50.93409, 4.37213
Grembergen;51.05406, 4.10458
Gingelom;50.74792, 5.13422
Geraardsbergen;50.77343, 3.88223
Forrières;50.13132, 5.28268
Éthe;49.58, 5.58208
Ernage;50.59484, 4.67588
Erbisoeul;50.51523, 3.89568
Elst;50.83024, 3.73921
Dikkebus;50.82131, 2.82873
Dhuy;50.55936, 4.85922
Cul-des-Sarts;49.96248, 4.45427
Comines;50.7754, 3.00119
Chênée;50.612, 5.6141
Buissonville;50.21667, 5.2
Braine-le-Comte;50.60979, 4.14658
Beringen;51.04954, 5.22606
Bellaire;50.64453, 5.66585
Battice;50.64734, 5.82104
Alleur;50.67465, 5.51316
Terkoest;50.89832, 5.27623
Wenduine;51.2983, 3.08213
Walcourt;50.25401, 4.43796
Waha;50.20915, 5.34174
Visé;50.7376, 5.69907
Virton;49.56824, 5.53259
Villers-Perwin;50.52783, 4.47968
Trois-Ponts;50.37128, 5.87146
Trembleur;50.69544, 5.72604
Strombeek-Bever;50.91039, 4.35582
Silly;50.64877, 3.92363
Saint-Yvon;50.74335, 2.90992
Saint-Vith;50.28146, 6.12724
Saint-Marc;50.49218, 4.84749
Rollegem;50.76565, 3.26317
Queue-du-Bois;50.63759, 5.67993
Peutie;50.92998, 4.45187
Outrijve;50.75773, 3.42964
Ormeignies;50.59501, 3.75183
Oeselgem;50.93789, 3.43185
Nieuwrode;50.95, 4.83333
Neerijse;50.81722, 4.62361
Neerheylissem;50.75839, 4.9883
Momignies;50.0271, 4.16519
Millen;50.78619, 5.55616
Merchtem;50.95129, 4.23197
Meeuwen;51.0991, 5.52106
Maurage;50.45652, 4.09704
Maffle;50.61789, 3.80324
Machelen-aan-de-Leie;50.95973, 3.49046
Loncin;50.66655, 5.50509
Loenhout;51.39947, 4.64404
Ligny;50.51244, 4.57735
Liezele;51.05998, 4.28038
Leuven;50.87959, 4.70093
Knesselare;51.13932, 3.41282
Kettenis;50.64761, 6.04686
Ingelmunster;50.92081, 3.25571
Houwaart;50.93368, 4.85991
Houthulst;50.97824, 2.9505
Hoeilaart;50.7673, 4.46835
Heppignies;50.4846, 4.4953
Hannut;50.67142, 5.07898
Groot-Bijgaarden;50.87174, 4.24973
Grandhan;50.32944, 5.40996
Gosselies;50.46936, 4.43324
Goeferdinge;50.76605, 3.83978
Godveerdegem;50.85932, 3.82092
Gleixhe;50.61391, 5.39008
Geluwe;50.80978, 3.07695
Gelinden;50.7656, 5.26121
Froyennes;50.62185, 3.35456
Fexhe-Slins;50.72026, 5.56973
Ellezelles;50.73512, 3.67985
Eksel;51.15184, 5.3906
Eeklo;51.18703, 3.55654
De Haan;51.27261, 3.03446
Comblain-Fairon;50.4462, 5.5449
Boorsem;50.94206, 5.71898
Bois-de-Villers;50.39033, 4.82407
Bois-de-Lessines;50.69662, 3.89613
Binche;50.41155, 4.16469
Beselare;50.84812, 3.02449
Belsele;51.14598, 4.08859
Bellecourt;50.48067, 4.26793
Bassilly;50.67634, 3.93388
Barchon;50.66894, 5.7001
Aubel;50.70189, 5.85812
Aspelare;50.84189, 3.95743
Geluveld;50.83511, 2.99343
Frasnes-lez-Buissenal;50.66783, 3.62047
Frasnes;50.08022, 4.51384
Flobecq;50.73733, 3.73876
Emblem;51.16238, 4.60485
Dinant;50.25807, 4.91166
Dilbeek;50.84799, 4.25972
Desteldonk;51.12193, 3.78705
Dalhem;50.71315, 5.72774
Corbais;50.64609, 4.65589
Chimay;50.04856, 4.31712
Cerfontaine;50.17047, 4.41028
Bossière;50.5185, 4.69605
Boncelles;50.57108, 5.53625
Beerzel;51.05753, 4.67127
Beauvechain;50.78195, 4.7718
Barry;50.58771, 3.54272
Andrimont;50.61298, 5.88294
Ampsin;50.54153, 5.2779
Watervliet;51.27494, 3.62598
Ville-sur-Haine;50.47657, 4.06425
Vellereille-les-Brayeux;50.37952, 4.15112
Veldwezelt;50.86805, 5.63101
Trooz;50.57026, 5.69521
Tihange;50.52974, 5.26176
Sint-Antonius;51.26667, 4.63861
Sint-Amandsberg;51.05947, 3.74943
Saint-Denis;50.53567, 4.78278
Ruisbroek;51.08832, 4.33127
Romsée;50.61091, 5.66457
Recht;50.33801, 6.04883
Ravels;51.37274, 4.9921
Prayon;50.57795, 5.6753
Poelkapelle;50.9179, 2.95677
Pepinster;50.56568, 5.80386
Pâturages;50.4072, 3.855
Overboelare;50.76382, 3.86369
Oudegem;51.01017, 4.06195
Opgrimbie;50.94188, 5.67967
Opglabbeek;51.04258, 5.58346
Ohain;50.69885, 4.4698
Néchin;50.66702, 3.26649
Membach;50.61908, 5.99506
Melen;50.6462, 5.73589
Magnée;50.5998, 5.68834
Luttre;50.51006, 4.39709
Léglise;49.79985, 5.53652
La Calamine;50.71809, 6.01107
Kruishoutem;50.90168, 3.52588
Kontich;51.13213, 4.44706
Kaulille;51.18763, 5.52372
Hofstade;50.99134, 4.49229
Hoepertingen;50.81217, 5.28442
Hermée;50.70883, 5.61831
Herk-de-Stad;50.94013, 5.16636
Hérinnes;50.70063, 3.36323
Grand-Leez;50.58389, 4.7751
Givry;50.37826, 4.02932
Gilly;50.42449, 4.4789
Zoutleeuw;50.83316, 5.10376
Zemst;50.98318, 4.46079
Zellik;50.88408, 4.27325
Xhendelesse;50.60492, 5.77804
Wellen;50.84096, 5.33867
Waremme;50.6976, 5.25524
Vliermaalroot;50.86512, 5.42622
Villers-le-Temple;50.5086, 5.37077
Vertrijk;50.82925, 4.8345
Tongrinne;50.51561, 4.6243
Slins;50.72795, 5.56263
Sint-Joris-Winge;50.90446, 4.8749
Rumillies;50.62105, 3.44325
Ransart;50.46166, 4.47616
Pont-de-Loup;50.41656, 4.54594
Ottignies;50.66535, 4.56679
Opwijk;50.96724, 4.18442
Oostmalle;51.3, 4.73333
Oostkamp;51.15432, 3.23128
Oostakker;51.10124, 3.76945
Oorbeek;50.7991, 4.89235
Okegem;50.85559, 4.05516
Ohey;50.4357, 5.12375
Nukerke;50.79564, 3.59492
Nil-Saint-Vincent-Saint-Martin;50.64331, 4.68172
Neuville;50.17327, 4.51598
Moha;50.54802, 5.18641
Melsele;51.22285, 4.28201
Marche-lez-Écaussinnes;50.54601, 4.1818
Marche-en-Famenne;50.22678, 5.34416
Lo;50.98036, 2.74965
Limerlé;50.15804, 5.92395
Landen;50.75267, 5.082
Kortenberg;50.88982, 4.54353
Koningshooikt;51.09607, 4.60992
Kessel-Lo;50.88549, 4.73717
Juprelle;50.7076, 5.53127
Jemeppe-sur-Meuse;50.61701, 5.49849
Ichtegem;51.09572, 3.01549
Huppaye;50.69363, 4.89415
Hertsberge;51.10728, 3.26936
Herstal;50.66415, 5.62346
Hanret;50.58155, 4.9484
Halen;50.94837, 5.11096
Grote-Spouwen;50.83283, 5.55428
Evrehailles;50.32037, 4.91261
Elsegem;50.8236, 3.53601
Eigenbilzen;50.87491, 5.57582
Dikkelvenne;50.91927, 3.69507
Diegem;50.89727, 4.43354
Clavier;50.40069, 5.35154
Chaineux;50.63183, 5.83478
Celles;50.65441, 5.24666
Bray;50.43242, 4.10588
Braine-le-Château;50.6799, 4.27385
Bierbeek;50.82876, 4.75949
Baardegem;50.9548, 4.14203
Amay;50.54829, 5.30974
Alken;50.87553, 5.30558
Zonhoven;50.99064, 5.36819
Zoersel;51.26825, 4.71296
Zelem;50.97739, 5.10687
Zarlardinge;50.76214, 3.8285
Xhoris;50.44586, 5.60431
Wijshagen;51.10492, 5.55788
Westouter;50.79722, 2.74647
Wasmuel;50.44493, 3.84813
Wardin;49.99213, 5.79117
Voroux-lez-Liers;50.68745, 5.5544
Vilvoorde;50.92814, 4.42938
Viane;50.74232, 3.92478
Vezon;50.56917, 3.50469
Verviers;50.58907, 5.86241
Vaux-et-Borset;50.61385, 5.23438
Tohogne;50.38006, 5.479
Tisselt;51.03398, 4.35947
Thulin;50.43006, 3.74007
Thorembais-Saint-Trond;50.63485, 4.78406
Temse;51.12794, 4.21372
Templeuve;50.6441, 3.28013
Tarcienne;50.31204, 4.49676
Steendorp;51.12681, 4.27031
Soumagne;50.61385, 5.74679
Sint-Pauwels;51.19391, 4.09649
Sint-Martens-Lennik;50.81158, 4.16965
Sint-Joris-Weert;50.80235, 4.6526
Sint-Eloois-Winkel;50.87591, 3.18144
Schilde;51.24107, 4.58336
Sart-Saint-Laurent;50.40236, 4.74217
Saint-Pierre;49.90376, 5.3875
Saint-Amand;50.50611, 4.54988
Ruien;50.76865, 3.48581
Pommeroeul;50.46188, 3.71252
Plainevaux;50.54562, 5.52329
Perre;50.88914, 3.86098
Papignies;50.68596, 3.81783
Ouwegem;50.91231, 3.59978
Onhaye;50.24148, 4.84069
Noville;50.06386, 5.76104
Mopertingen;50.86123, 5.5759
Messelbroek;50.9955, 4.93664
Merelbeke;50.99447, 3.74621
Massenhoven;51.20021, 4.63572
Maisières;50.4882, 3.96564
Loverval;50.37519, 4.47332
Lembeek;50.7157, 4.21832
Ledeberg;50.84356, 4.09112
Labuissière;50.31944, 4.1809
Kieldrecht;51.28914, 4.17587
Kermt;50.94757, 5.24832
Jandrain-Jandrenouille;50.67177, 4.97801
Houtvenne;51.0418, 4.80863
Heverlee;50.86426, 4.69597
Heure-le-Romain;50.73162, 5.6329
Hastière-Lavaux;50.21849, 4.82446
Gooik;50.79443, 4.11378
Gesves;50.40146, 5.07457
Genappe;50.61173, 4.45152
Geel;51.16557, 4.98917
Eupen;50.6279, 6.03647
Duisburg;50.81584, 4.55533
Drongen;51.05067, 3.65649
Charneux;50.66938, 5.80493
Braives;50.62848, 5.14798
Bracquegnies;50.47094, 4.1197
Bouillon;49.79324, 5.06703
Blanden;50.82622, 4.71022
Beek;51.15517, 5.60302
Bas-Oha;50.52652, 5.19216
Anvaing;50.68318, 3.56144
Aische-en-Refail;50.60009, 4.83775
Wilsele;50.89188, 4.69769
Westerlo;51.09049, 4.91544
Vremde;51.17535, 4.52321
Vlezenbeek;50.80778, 4.23197
Vinderhoute;51.08764, 3.64158
Vierset-Barse;50.48373, 5.29816
Vezin;50.49623, 5.00899
Trazegnies;50.46379, 4.3329
Toernich;49.65178, 5.77741
Sint-Pieters-Leeuw;50.77926, 4.24355
Sibret;49.97073, 5.63453
Saint-Remy;50.69564, 5.70405
Rouvroy;49.53771, 5.49031
Rollegem-Kapelle;50.8687, 3.14635
Ranst;51.18983, 4.56533
Ramsel;51.0324, 4.83242
Paliseul;49.90395, 5.13537
Overpelt;51.21038, 5.41557
Oudenaarde;50.85168, 3.60891
Ostend;51.21551, 2.927
On;50.17176, 5.28936
Odeur;50.70642, 5.41578
Ochamps;49.92453, 5.27679
Noduwez;50.72863, 4.96779
Nieuwkerke;50.74709, 2.8286
Moorslede;50.8919, 3.06117
Monceau-sur-Sambre;50.41694, 4.37668
Merkem;50.95284, 2.85225
Lovenjoel;50.85852, 4.78094
Liers;50.69396, 5.56458
Leest;51.03319, 4.4153
Landelies;50.38001, 4.35076
Lanaken;50.89318, 5.6468
Lambermont;50.59038, 5.83245
Kampenhout;50.9421, 4.55103
Kain;50.63869, 3.39688
Ittre;50.64396, 4.26476
Ingooigem;50.82013, 3.43373
Huy;50.51894, 5.23284
Hulste;50.88217, 3.29497
Horrues;50.60845, 4.04278
Herfelingen;50.74816, 4.09754
Gelbressée;50.50611, 4.95552
Forest;50.81678, 4.32775
Falisolle;50.41814, 4.62104
Essene;50.90163, 4.13743
Épinois;50.406, 4.20666
Elverdinge;50.88476, 2.8171
Court-Saint-Étienne;50.63378, 4.56851
Clermont;50.65926, 5.88455
Champion;50.4953, 4.90385
Cambron-Saint-Vincent;50.58493, 3.92186
Bornem;51.09716, 4.24364
Boekhoute;51.25859, 3.71783
Bilzen;50.87325, 5.5184
Beverst;50.89091, 5.47548
Baileux;50.02877, 4.37533
Archennes;50.75261, 4.66962
Amougies;50.74446, 3.50675
Aartselaar;51.13412, 4.38678
Zandhoven;51.21488, 4.66164
Wommelgem;51.20452, 4.5225
Winenne;50.09751, 4.89492
Webbekom;50.9741, 5.04032
Wanzele;50.97425, 3.95642
Vottem;50.67155, 5.57693
Vlimmeren;51.2952, 4.78128
Velaines;50.66801, 3.4866
Tielrode;51.11303, 4.17707
Stoumont;50.40667, 5.80838
Sint-Job-in-'t-Goor;51.29907, 4.57289
Sijsele;51.20846, 3.31714
Saint-Symphorien;50.43903, 4.00726
Ruiselede;51.04039, 3.39416
Rouvreux;50.48984, 5.65006
Rillaar;50.97376, 4.89177
Piétrain;50.72532, 4.92033
Passendale;50.89979, 3.02133
Oud-Turnhout;51.31978, 4.9841
Olsene;50.93422, 3.46389
Oekene;50.91794, 3.15676
Noville;50.65984, 5.38197
Namur;50.4669, 4.86746
Mont-Saint-Guibert;50.63427, 4.61061
Mazy;50.51097, 4.67374
Lommersweiler;50.24, 6.165
Lens;50.55696, 3.89946
Lauwe;50.79479, 3.1869
La Bouverie;50.40524, 3.8744
Korbeek-Lo;50.86028, 4.76274
Kemzeke;51.20981, 4.07428
Houthalen;51.03427, 5.37429
Hombourg;50.72257, 5.92051
Hodeige;50.69635, 5.34159
Heule;50.83752, 3.23818
Herne;50.72423, 4.03481
Herentals;51.17655, 4.83248
Heers;50.75383, 5.3021
Halanzy;49.56052, 5.74433
Zeebrugge;51.32901, 3.18188
Wiers;50.50862, 3.53468
Wasseiges;50.62186, 5.00528
Waltwilder;50.86641, 5.54425
Villers-Poterie;50.35379, 4.54885
Veltem-Beisem;50.90807, 4.61906
Tielt;50.99931, 3.32707
Thimister;50.65539, 5.86421
Tessenderlo;51.06513, 5.08856
Strijpen;50.86801, 3.78797
Steenhuize-Wijnhuize;50.83968, 3.88805
Sombreffe;50.52865, 4.60087
Sint-Ulriks-Kapelle;50.87899, 4.21884
Sint-Jan-in-Eremo;51.27161, 3.58062
Reninge;50.94781, 2.78892
Rekem;50.92244, 5.6938
Lettelingen;50.68333, 4.08333
Péronnes;50.43782, 4.14906
Ooigem;50.89334, 3.3363
Nieuwkerken-Waas;51.19358, 4.17776
Mons;50.45413, 3.95229
Meerhout;51.1321, 5.07842
Mark;50.6914, 4.01559
Lustin;50.37876, 4.89871
Lochristi;51.09644, 3.83194
Limal;50.69477, 4.57538
Deux-Acren;50.73026, 3.85315
Lambusart;50.45433, 4.55263
Kraainem;50.86155, 4.46946
Kortrijk;50.82803, 3.26487
Kleine-Spouwen;50.83837, 5.55007
Keerbergen;51.00295, 4.63434
Kapellen;50.88593, 4.95174
Jette;50.87309, 4.33419
Ieper;50.85114, 2.88569
Houffalize;50.13235, 5.78962
Heppen;51.10934, 5.22898
Hautrage;50.48192, 3.76522
Hamme;51.09822, 4.13705
Guigoven;50.83925, 5.40039
Grobbendonk;51.19043, 4.73562
Goutroux;50.41333, 4.36226
Ghoy;50.72834, 3.80983
Floreffe;50.43452, 4.7596
Flamierge;50.03324, 5.60294
Eernegem;51.1326, 3.02562
Donceel;50.64827, 5.32
Crombach;50.26, 6.0675
Burst;50.91497, 3.91636
Bras;49.97089, 5.39485
Boutersem;50.84105, 4.83367
Boortmeerbeek;50.97929, 4.57443
Blégny;50.67255, 5.72508
Bioul;50.33146, 4.79618
Béclers;50.62123, 3.5042
Bas-Warneton;50.75937, 2.95996
Baelen;50.63131, 5.97433
Antwerpen;51.22047, 4.40026
Aarsele;50.99663, 3.41954
Aaigem;50.88921, 3.93674
Jandrain;50.67438, 4.98024
Florennes;50.25127, 4.60636
Fleurus;50.48351, 4.55006
Eugies;50.38893, 3.88513
Eke;50.95929, 3.6396
Dworp;50.72983, 4.30106
Denderhoutem;50.87234, 4.01821
Daverdisse;50.02161, 5.11811
Clabecq;50.69245, 4.2215
Chièvres;50.58787, 3.80711
Bomal;50.37634, 5.52382
Blaugies;50.37218, 3.80582
Bekegem;51.15976, 3.0457
Beauraing;50.11042, 4.95554
Astene;50.98512, 3.56654
Amblève;50.35357, 6.17002
Reuland;50.19553, 6.13548
Wortel;51.39827, 4.7946
Westrozebeke;50.93178, 3.01001
Weerde;50.97345, 4.47487
Wavreille;50.12119, 5.24831
Vollezele;50.76121, 4.02435
Viesville;50.49088, 4.40852
Uikhoven;50.92386, 5.71921
Thiaumont;49.71523, 5.73056
Tervuren;50.82372, 4.51418
Staden;50.97456, 3.01469
Sint-Jan;50.86503, 2.90478
Sart-Dames-Avelines;50.56863, 4.49221
Saint-Vaast;50.45426, 4.16041
Saint-Josse-ten-Noode;50.8538, 4.37282
Saint-Hubert;50.02668, 5.37401
Roclenge-sur-Geer;50.75688, 5.59444
Rendeux;50.23423, 5.50414
Racour;50.73924, 5.02806
Quaregnon;50.44067, 3.8653
Poppel;51.44565, 5.0433
Oud-Heverlee;50.83522, 4.66421
Ophain-Bois-Seigneur-Isaac;50.66646, 4.34865
Neerpelt;51.22807, 5.4427
Montegnée;50.64576, 5.51411
Moerbeke;50.75254, 3.91724
Meldert;51.00007, 5.14215
Marke;50.80678, 3.23344
Marche-les-Dames;50.48585, 4.95967
Loupoigne;50.59806, 4.44448
Loppem;51.15662, 3.19599
Leopoldsburg;51.11667, 5.25
Leerbeek;50.77788, 4.11936
Lauw;50.73881, 5.41333
Kozen;50.8752, 5.24005
Knokke-Heist;51.35, 3.26667
Kessel;51.13892, 4.62962
Kemmel;50.78333, 2.82714
Jurbise;50.531, 3.90942
Jeuk;50.73499, 5.20992
Jabbeke;51.18185, 3.08935
Impe;50.96048, 3.9501
Heist-op-den-Berg;51.07537, 4.72827
Harchies;50.47963, 3.69347
Geest-Gérompont-Petit-Rosière;50.64043, 4.8587
Flémalle-Grande;50.60906, 5.47668
Ferrières;50.40157, 5.61092
Erwetegem;50.85547, 3.81444
Eindhout;51.10385, 4.9999
Durbuy;50.35291, 5.45631
Dudzele;51.2737, 3.22533
Drieslinter;50.84573, 5.05045
Deurne;51.22134, 4.46595
Chastre-Villeroux-Blanmont;50.60857, 4.64198
Bouwel;51.17289, 4.7418
Blaasveld;51.05585, 4.37668
Bihain;50.23946, 5.80849
Biesme;50.34015, 4.61048
Beveren;51.21187, 4.25633
Berlaar;51.1176, 4.65835
Beez;50.4686, 4.91175
Bastogne;50.00347, 5.71844
Awans;50.66774, 5.46329
Attert;49.75035, 5.78634
Achêne;50.26701, 5.04539
Zaventem;50.88365, 4.47298
Wonck;50.76687, 5.6362
Wetteren;51.00526, 3.88341
Welden;50.87684, 3.65453
Veurne;51.07316, 2.66803
Tongerlo;51.10622, 4.91638
Tongeren;50.78054, 5.46484
Tilly;50.56078, 4.55495
Thieu;50.47428, 4.09258
Sint-Pieters-Rode;50.93247, 4.82245
Sint-Andries;51.19696, 3.17891
Serskamp;50.98849, 3.92657
Rijkhoven;50.83294, 5.51497
Petigny;50.05739, 4.53307
Petegem;50.83333, 3.55
Pecq;50.68619, 3.33789
Olen;51.14391, 4.8598
Nismes;50.07523, 4.54767
Naast;50.55413, 4.10082
Menen;50.79722, 3.12245
Massemen;50.98086, 3.87394
Longvilly;50.02633, 5.83829
Leefdaal;50.84759, 4.58936
La Bruyère;50.39478, 4.61444
Kalken;51.03836, 3.9186
Jehay;50.5731, 5.32382
Jambes;50.45636, 4.87166
Itterbeek;50.83803, 4.24948
Itegem;51.10328, 4.72855
Incourt;50.69151, 4.79816
Houtain-Saint-Siméon;50.74026, 5.6123
Hoboken;51.17611, 4.34844
Harelbeke;50.85343, 3.30935
Glabbeek;50.87267, 4.95615
Gavere;50.92917, 3.66184
Dergneau;50.71399, 3.58004
Dendermonde;51.02869, 4.10106
Ciplet;50.61756, 5.09027
Boussoit;50.45947, 4.08245
Bernissart;50.4746, 3.64961
Aywaille;50.47411, 5.67684
Assent;50.95187, 5.01473
Appelterre-Eichem;50.81597, 3.97808
Zandvoorde;51.19942, 2.9722
Wondelgem;51.08705, 3.70909
Wegnez;50.57895, 5.81705
Weelde;51.40777, 4.99251
Veldegem;51.1048, 3.1591
Vaulx-lez-Tournai;50.59406, 3.42954
Val-Meer;50.78715, 5.59557
Ternat;50.86654, 4.16682
Tenneville;50.09501, 5.52895
Stavelot;50.395, 5.93124
Spalbeek;50.94918, 5.22391
Smetlede;50.9662, 3.92796
Sint-Martens;50.83889, 4.92436
Sint-Lievens-Esse;50.8566, 3.88792
Sint-Eloois-Vijve;50.90911, 3.41545
Saint-Servais;50.4763, 4.83656
Saint-Denis;50.4905, 4.02048
Rochefort;50.1631, 5.2216
Rèves;50.53809, 4.41075
Orp-le-Grand;50.70331, 4.9891
Oostham;51.10374, 5.17877
Noville-les-Bois;50.55702, 4.98466
Noorderwijk;51.14122, 4.84061
Neeroeteren;51.09156, 5.69933
Nalinnes;50.32434, 4.44572
Mielen-boven-Aalst;50.75644, 5.21421
Merendree;51.0766, 3.576
Mechelen-Bovelingen;50.74081, 5.26278
Maldegem;51.20737, 3.44511
Mal;50.76869, 5.5197
Luingne;50.73952, 3.23603
Lommel;51.23074, 5.31349
Lixhe;50.7544, 5.68028
Lichtervelde;51.03333, 3.15
Leuze;50.6, 3.6
La Reid;50.48914, 5.79098
Kaggevinne;50.98037, 5.01886
Hornu;50.4328, 3.82736
Hoegaarden;50.7756, 4.88952
Herchies;50.52794, 3.85689
Hemiksem;51.14484, 4.33874
Heestert;50.78204, 3.41218
Halle;51.24075, 4.64327
Habay-la-Vieille;49.72329, 5.61999
Godinne;50.34809, 4.87364
Geetbets;50.89431, 5.11199
Gedinne;49.98037, 4.93674
Feluy;50.56258, 4.25098
Dentergem;50.96429, 3.41617
De Klinge;51.25627, 4.09041
Deerlijk;50.85337, 3.35416
Cheratte;50.68237, 5.66955
Charleroi;50.41136, 4.44448
Breendonk;51.04301, 4.32364
Brecht;51.35024, 4.63829
Beveren-Leie;50.87538, 3.34034
Bellefontaine;49.66429, 5.49608
Aubange;49.56652, 5.80492
Anzegem;50.837, 3.47786
Ans;50.6623, 5.52029
Alsemberg;50.74134, 4.33754
Petegem-aan-de-Schelde;50.83344, 3.55609
Zuienkerke;51.26511, 3.15506
Zolder;51.02455, 5.30983
Zepperen;50.82139, 5.24769
Xhendremael;50.70454, 5.47984
Wortegem;50.85357, 3.51
Wijer;50.89863, 5.22446
Westvleteren;50.92744, 2.71688
Welkenraedt;50.6605, 5.97034
Wauthier-Braine;50.68183, 4.29849
Watermael-Boitsfort;50.80154, 4.41436
Waanrode;50.91624, 5.00479
Vinkt;51.00864, 3.47878
Torhout;51.0656, 3.10085
Tielt;50.9421, 4.90505
Suarlée;50.48137, 4.7792
Stokrooie;50.96637, 5.28142
Souvret;50.4486, 4.34569
's-Gravenwezel;51.26267, 4.56113
Ruisbroek;50.79015, 4.29771
Robertville;50.45406, 6.12205
Pittem;50.99279, 3.26317
Overijse;50.77436, 4.53461
Outer;50.84189, 3.9987
Ophasselt;50.81729, 3.89293
Nassogne;50.12849, 5.34274
Morkhoven;51.11888, 4.81877
Melsen;50.95622, 3.69567
Meerdonk;51.26667, 4.15
Meer;51.44641, 4.73906
La Hulpe;50.73091, 4.48577
Kuringen;50.94426, 5.29902
Kortrijk-Dutsel;50.92676, 4.80799
Koekelberg;50.86117, 4.33136
Jemeppe-sur-Sambre;50.46543, 4.6655
Houyet;50.18619, 5.00762
Hognoul;50.68178, 5.45385
Heppenbach;50.3626, 6.21826
Hakendover;50.7959, 4.98231
Haillot;50.44247, 5.15413
Gruitrode;51.08936, 5.58824
Gozée;50.33461, 4.35273
Gougnies;50.35543, 4.57615
Gottignies;50.4953, 4.05996
Francorchamps;50.45353, 5.95276
Forville;50.57424, 4.99861
Forêt;50.58387, 5.7
Fayt-lez-Manage;50.48698, 4.22959
Faulx-Les Tombes;50.42708, 5.02075
Estaimbourg;50.67998, 3.30785
Erpe;50.93565, 3.97219
Ekeren;51.28087, 4.41813
De Panne;51.09793, 2.59368
Dave;50.4147, 4.88789
Dampremy;50.41705, 4.43092
Crisnée;50.71703, 5.39802
Budingen;50.86509, 5.09847
Borchtlombeek;50.8479, 4.13884
Beloeil;50.55047, 3.73484
Anthisnes;50.48323, 5.519
Anhée;50.31039, 4.87827
Zichem;51.00187, 4.98316
Vurste;50.94321, 3.68307
Vucht;50.97832, 5.711
Vorst;51.08029, 5.01998
Vivegnis;50.69243, 5.64757
Veerle;51.06989, 4.98761
Tongerlo;51.12756, 5.6609
Tienen;50.80745, 4.9378
Thuillies;50.29899, 4.33269
Thiméon;50.48951, 4.42878
Thieusies;50.51525, 4.04931
Tavier;50.49634, 5.47063
Taintignies;50.55277, 3.34224
Stekene;51.2099, 4.03651
Sint-Gillis-bij-Dendermonde;51.01905, 4.11146
Sint-Denijs-Westrem;51.02135, 3.67202
Saint-Nicolas;50.62837, 5.53243
Saint-Gilles;50.82763, 4.34389
Polleur;50.5394, 5.88078
Ploegsteert;50.72659, 2.88019
Pamel;50.8453, 4.07129
Opitter;51.11705, 5.64749
Moorsel;50.94743, 4.09825
Mont-sur-Marchienne;50.38997, 4.40732
Moen;50.77013, 3.39485
Minderhout;51.41709, 4.76292
Mignault;50.53016, 4.15758
Meldert;50.78814, 4.83776
Marcinelle;50.39216, 4.44388
Marbais;50.54652, 4.53499
Lobbes;50.35258, 4.26716
Linkebeek;50.76781, 4.33688
Lille;51.24197, 4.82313
Liedekerke;50.86892, 4.08743
Kaprijke;51.2172, 3.61519
Jalhay;50.55876, 5.96764
Idegem;50.80178, 3.92595
Hyon;50.43805, 3.96031
Hermalle-sous-Huy;50.5592, 5.3639
Herenthout;51.1401, 4.75572
Hallaar;51.0842, 4.72918
Haasrode;50.83169, 4.72953
Haacht;50.97737, 4.63777
Grand-Rechain;50.60765, 5.81108
Gouvy;50.186, 5.93917
Glain;50.64772, 5.5438
Gierle;51.26852, 4.86733
Zarren;51.01844, 2.95814
Woesten;50.89971, 2.78959
Wichelen;51.00526, 3.97683
Welle;50.89876, 4.05602
Wechelderzande;51.26304, 4.78652
Wangenies;50.48023, 4.52019
Wakken;50.93304, 3.39743
Waarloos;51.10597, 4.45482
Vitrival;50.39282, 4.65769
Strée-lez-Huy;50.49039, 5.32348
Sint-Katelijne-Waver;51.06691, 4.53469
Sart-Bernard;50.40206, 4.9593
Rotheux-Rimière;50.53356, 5.48063
Rocourt;50.67579, 5.54621
Quiévrain;50.40737, 3.68351
Pulle;51.20317, 4.71434
Poederlee;51.22769, 4.84034
Péruwelz;50.50819, 3.59373
Oedelem;51.17033, 3.33762
Neufvilles;50.57107, 4.00041
Nazareth;50.95686, 3.59425
Moorsele;50.8409, 3.15971
Molenbeersel;51.17041, 5.73761
Masnuy-Saint-Jean;50.53209, 3.94032
Manhay;50.29219, 5.67562
Lubbeek;50.88278, 4.83896
Loyers;50.46324, 4.95136
Lesve;50.37705, 4.77785
Kleine-Brogel;51.17267, 5.45059
Kapellen;51.31377, 4.43539
Housse;50.67846, 5.69109
Houdeng-Goegnies;50.49032, 4.17513
Herent;50.90861, 4.67056
Hamme-Mille;50.78022, 4.71734
Halle;50.73385, 4.23454
Haccourt;50.73091, 5.66963
Haaltert;50.90634, 4.00093
Gijzegem;50.98602, 4.04938
Evere;50.87441, 4.39905
Étalle;49.67385, 5.60019
Erpent;50.45116, 4.90557
Eppegem;50.96237, 4.45513
Elversele;51.11806, 4.14904
Eine;50.86726, 3.61815
Écaussinnes-d'Enghien;50.56822, 4.1658
Diepenbeek;50.90769, 5.41875
Couvin;50.05284, 4.49495
Courrière;50.38023, 4.98608
Champlon;50.10819, 5.50192
Céroux-Mousty;50.66089, 4.5207
Borsbeek;51.19661, 4.48543
Borgerhout;51.20957, 4.43539
Belgrade;50.47138, 4.82935
Beerst;51.05983, 2.88501
Bassenge;50.75883, 5.60989
Awirs;50.60014, 5.40627
Averbode;51.02887, 4.98067
Auderghem;50.81667, 4.43333
Ath;50.62937, 3.77801
